Country,Year,Average_Monthly_Income,Cost_of_Living,Housing_Cost_Percentage,Tax_Rate,Savings_Percentage,Healthcare_Cost_Percentage,Education_Cost_Percentage,Transportation_Cost_Percentage,Region
Australia,2013,3483.92,1106.07,32.09,27.5,1.74,18.23,6.94,17.19,Oceania
India,2019,7771.03,5422.78,25.21,29.3,3.35,17.21,12.42,9.9,Asia
Russia,2004,6991.3,3972.36,40.85,22.94,15.48,15.28,7.1,9.59,Europe
South Africa,2011,6628.04,6755.75,30.38,15.69,8.03,6.66,11.76,11.04,Africa
Brazil,2015,2434.27,2656.36,49.27,12.44,25.06,9.34,3.63,15.09,South America
Australia,2015,1781.66,4575.3,39.23,6.16,0.44,9.65,12.05,15.23,Oceania
China,2020,5514.82,6551.39,44.67,15.64,11.37,8.75,5.08,9.73,Asia
Japan,2006,7470.32,1076.56,23.98,27.86,10.12,12.73,10.81,7.0,Asia
Australia,2003,4675.72,6585.71,45.86,37.84,0.58,13.03,9.36,14.49,Oceania
Russia,2000,4787.1,4940.05,47.68,35.49,3.73,10.35,14.08,6.92,Europe
Russia,2004,2599.84,847.72,34.61,31.81,12.41,10.31,7.04,13.68,Europe
South Africa,2022,6271.2,2386.36,38.19,32.6,14.79,17.43,2.86,15.4,Africa
Brazil,2009,1902.83,5073.94,42.94,28.27,12.13,16.84,2.25,15.51,South America
India,2021,2927.59,844.51,25.25,14.11,15.93,9.62,12.75,16.3,Asia
South Africa,2004,3690.77,4242.33,35.08,36.75,17.85,18.71,8.82,18.09,Africa
South Africa,2003,4307.08,2682.83,31.96,28.48,0.3,19.29,12.08,12.5,Africa
Japan,2001,2318.07,4498.04,24.39,24.62,13.92,9.9,5.05,15.95,Asia
Canada,2019,1361.28,701.9,31.03,8.88,28.9,10.32,6.49,14.29,North America
Brazil,2009,5079.65,6152.14,22.05,20.65,15.57,12.58,2.39,7.8,South America
Germany,2018,2664.73,6825.03,20.77,21.11,20.33,19.12,14.5,5.39,Europe
South Africa,2000,4859.29,6794.59,24.05,35.26,9.36,18.14,10.68,9.27,Africa
Mexico,2023,1657.72,5347.7,48.89,24.13,23.22,6.54,14.13,11.65,North America
Canada,2004,4108.55,1258.57,36.49,18.31,23.19,10.89,5.45,14.26,North America
Germany,2012,4494.42,5404.54,48.97,39.19,15.64,13.3,9.95,17.75,Europe
Mexico,2003,888.68,562.27,32.97,8.88,29.28,12.55,10.82,7.94,North America
Brazil,2015,3024.53,546.02,29.35,19.79,3.77,7.91,6.13,6.88,South America
United States,2023,1508.11,2535.83,35.18,6.47,0.51,17.88,13.03,19.45,North America
Mexico,2015,975.31,3625.05,33.19,30.9,23.1,15.15,14.31,6.62,North America
China,2022,7924.7,5484.69,23.17,37.13,24.21,17.57,13.5,12.18,Asia
Canada,2001,2917.65,4909.75,39.22,14.8,3.61,17.88,11.61,13.78,North America
Mexico,2016,6574.06,3342.96,26.48,35.04,7.97,16.23,5.61,13.12,North America
France,2019,2409.8,2205.94,38.59,15.23,0.53,11.59,5.66,6.29,Europe
United States,2023,5611.27,6981.02,39.51,36.88,8.8,14.16,14.52,5.86,North America
Russia,2011,6201.71,3212.8,24.56,31.39,23.19,7.41,2.13,6.58,Europe
Russia,2017,4967.29,3379.15,21.84,33.17,15.54,15.1,11.31,13.78,Europe
China,2002,4036.82,1479.92,43.42,5.63,10.44,7.69,11.18,13.17,Asia
Mexico,2000,3588.81,5645.74,33.79,38.7,11.15,15.41,10.09,8.51,North America
Mexico,2000,3116.51,4978.3,21.74,30.43,0.04,8.44,14.87,14.57,North America
Japan,2018,7471.47,1857.08,49.85,15.67,8.99,6.76,6.05,17.3,Asia
Mexico,2010,6729.65,943.71,21.73,34.03,19.39,7.48,6.42,5.62,North America
Australia,2004,7737.7,4891.3,40.85,14.85,29.23,5.03,3.03,12.47,Oceania
India,2011,1432.23,4719.77,49.51,35.55,25.41,15.78,7.76,15.34,Asia
France,2002,5981.51,2203.51,27.18,8.94,0.71,15.99,5.39,8.78,Europe
Japan,2000,7537.55,6675.7,24.27,29.63,26.96,12.72,6.46,9.62,Asia
Brazil,2000,1859.25,1396.98,23.64,23.92,23.5,7.42,12.85,14.2,South America
Japan,2007,998.72,3253.41,29.1,8.38,23.41,6.25,14.16,18.47,Asia
Australia,2009,6058.4,6627.87,23.03,13.47,13.74,5.29,4.41,17.15,Oceania
Brazil,2010,4808.55,3170.2,40.76,5.43,11.94,7.49,6.84,13.75,South America
France,2011,6813.72,4614.27,21.87,21.41,9.09,18.36,14.07,15.95,Europe
Australia,2012,1548.29,3024.12,35.28,15.54,1.97,8.62,2.8,10.47,Oceania
Germany,2011,6464.5,2209.82,49.9,25.94,6.85,10.31,3.2,14.61,Europe
India,2013,2012.2,6894.25,44.42,15.4,7.4,6.58,4.12,11.99,Asia
France,2001,1727.42,3101.6,38.46,15.5,14.52,8.34,9.74,7.85,Europe
Mexico,2018,1731.99,6301.05,29.19,31.01,22.42,12.79,3.96,15.53,North America
Germany,2017,6609.31,1917.7,38.72,6.68,14.21,14.12,14.58,13.35,Europe
China,2002,5488.98,1806.49,35.81,36.6,1.74,8.68,7.81,10.38,Asia
France,2022,4422.99,605.48,32.78,34.83,28.73,5.87,8.52,18.67,Europe
China,2016,3191.23,4701.0,23.92,28.37,28.28,10.87,5.21,5.31,Asia
Brazil,2007,7079.0,2832.27,46.6,25.76,23.56,8.51,8.12,9.74,South America
Germany,2009,3443.34,6104.76,33.49,36.23,29.74,8.29,10.6,5.85,Europe
India,2001,6624.5,3523.19,25.84,11.49,16.33,19.4,11.77,16.5,Asia
Mexico,2018,3793.51,6790.08,31.03,7.76,28.88,14.24,11.8,15.53,North America
Mexico,2008,3327.08,1624.47,32.42,13.38,2.27,13.35,9.51,9.97,North America
Australia,2006,3970.1,6132.91,44.83,32.81,10.97,11.24,13.76,15.13,Oceania
Mexico,2003,2760.33,5525.54,42.01,6.21,6.76,11.43,12.63,10.94,North America
South Africa,2020,6107.07,5488.08,43.08,25.4,5.87,13.11,11.84,16.34,Africa
Japan,2017,4270.4,5975.57,20.33,39.84,4.22,15.45,2.72,11.81,Asia
United States,2012,2241.6,5422.76,32.48,34.95,18.67,15.53,2.09,11.18,North America
India,2010,7246.81,4533.05,34.44,23.25,23.44,7.58,4.76,19.02,Asia
Germany,2023,3379.18,1266.22,20.58,7.23,17.35,12.5,10.63,8.76,Europe
South Africa,2003,4576.65,614.67,27.79,34.1,4.41,11.18,7.35,6.81,Africa
India,2020,7298.54,6477.6,42.81,25.96,24.33,18.06,7.23,13.77,Asia
Germany,2003,5181.78,4469.89,24.11,9.02,19.08,14.47,13.5,19.54,Europe
Canada,2009,1376.74,5657.15,36.06,8.29,11.64,12.99,13.64,10.67,North America
Canada,2004,7548.74,3578.05,26.46,36.84,20.22,6.73,13.82,5.93,North America
China,2008,5207.81,1174.23,20.36,28.42,7.8,14.08,6.08,10.09,Asia
India,2023,3011.79,1226.23,27.24,34.03,10.36,6.76,10.98,12.59,Asia
Canada,2002,1544.54,4924.73,49.28,35.76,27.52,10.06,5.53,7.43,North America
Germany,2016,6455.19,3240.02,44.05,25.01,8.72,7.14,4.48,14.87,Europe
China,2002,5150.55,1723.46,48.79,23.11,14.1,15.38,4.4,19.97,Asia
Mexico,2015,4500.96,3644.52,34.64,20.06,26.7,8.09,6.45,11.78,North America
Germany,2003,7204.19,823.78,23.29,16.09,21.23,10.88,7.59,10.32,Europe
China,2017,6414.48,4241.01,36.44,20.21,1.87,18.44,12.8,11.01,Asia
India,2016,1637.56,2175.36,33.63,32.09,4.42,8.06,3.56,6.73,Asia
South Africa,2006,2837.92,5663.89,45.33,26.07,0.24,12.62,11.55,18.25,Africa
Australia,2023,2363.67,2448.39,22.94,36.24,18.93,11.29,8.91,11.22,Oceania
Mexico,2022,6079.6,3404.45,34.65,20.52,13.43,5.27,5.74,10.81,North America
France,2004,751.49,476.7,24.5,26.25,4.03,16.89,8.41,14.9,Europe
South Africa,2011,4774.17,878.15,29.74,27.1,28.74,6.04,5.9,11.63,Africa
Brazil,2016,6218.44,2990.46,42.12,25.71,15.89,12.11,9.75,14.72,South America
Germany,2022,7075.74,3567.6,34.28,29.59,7.26,13.41,7.64,5.92,Europe
Brazil,2012,3065.61,4360.14,31.28,13.31,15.02,14.43,4.14,17.21,South America
South Africa,2022,6659.43,2324.97,31.83,22.93,20.39,15.33,3.52,19.11,Africa
China,2002,1329.74,4986.88,33.78,8.65,2.29,8.8,9.11,14.73,Asia
France,2008,6848.39,6076.81,43.55,18.46,8.24,5.15,13.73,19.32,Europe
Mexico,2016,1456.16,5547.02,46.76,22.07,24.21,15.85,6.47,7.27,North America
Mexico,2016,3479.65,661.48,48.66,27.83,13.79,13.03,11.53,12.16,North America
Mexico,2019,6479.72,3571.35,43.61,38.27,16.4,17.54,10.56,14.03,North America
France,2015,1624.38,1092.54,29.46,26.02,12.98,17.32,14.11,13.73,Europe
United States,2021,2219.39,1997.5,40.64,31.03,1.32,17.65,12.67,11.02,North America
France,2012,5916.89,6911.97,33.13,22.72,4.97,12.28,9.37,10.07,Europe
Australia,2018,5900.27,1340.47,27.64,27.19,13.37,10.0,10.54,6.9,Oceania
France,2016,5308.61,3692.66,45.23,7.48,6.28,16.87,13.68,10.88,Europe
South Africa,2003,5704.61,4479.83,21.15,13.9,1.5,11.77,7.19,7.44,Africa
United States,2011,4570.43,5036.27,47.05,17.66,25.31,7.75,6.25,16.02,North America
Mexico,2008,2388.49,4093.68,33.84,21.54,29.44,17.82,2.14,8.13,North America
South Africa,2018,3092.72,464.49,39.12,6.6,23.79,18.24,12.75,5.88,Africa
South Africa,2011,1861.98,2554.64,39.78,9.9,25.61,11.99,12.41,13.29,Africa
Russia,2008,7313.38,3816.9,46.85,14.69,7.26,6.14,3.36,13.93,Europe
Japan,2006,4875.44,979.92,39.1,39.0,28.82,10.82,9.5,18.08,Asia
United States,2013,3506.39,2714.14,38.42,16.6,5.91,17.05,8.03,13.65,North America
South Africa,2019,3965.04,619.14,22.0,21.87,28.54,18.53,3.54,10.18,Africa
Japan,2018,7604.63,918.62,35.55,11.86,29.84,8.05,14.75,17.05,Asia
Japan,2014,1650.14,3019.69,24.51,26.38,21.35,6.0,4.79,13.1,Asia
United States,2015,4896.72,1275.92,42.12,14.82,29.43,18.16,2.87,6.19,North America
Russia,2020,4294.17,4145.77,35.37,12.24,17.09,10.84,9.73,13.49,Europe
Brazil,2004,5085.91,4950.47,40.41,23.08,7.79,13.13,11.61,18.62,South America
China,2002,635.83,5683.87,21.25,5.19,13.11,19.52,2.42,10.94,Asia
Australia,2011,7040.93,1720.99,22.54,5.27,17.81,6.0,10.56,9.44,Oceania
China,2019,7490.89,1505.39,41.49,12.67,2.19,14.72,8.92,7.15,Asia
France,2020,4738.5,1090.15,22.16,6.29,18.67,6.11,3.34,7.27,Europe
Mexico,2003,5724.88,4600.44,22.14,8.78,29.44,10.63,4.24,11.49,North America
Australia,2020,7418.75,5062.74,20.36,16.86,5.7,17.06,9.38,13.94,Oceania
France,2022,5804.29,608.47,48.7,33.09,23.78,11.5,5.85,6.21,Europe
South Africa,2015,1644.04,6579.0,42.13,25.02,27.24,19.96,14.2,19.09,Africa
Mexico,2006,4822.16,743.01,30.6,22.94,28.31,13.39,12.64,16.33,North America
Germany,2012,5050.36,3972.56,28.9,15.27,28.8,9.82,14.79,13.8,Europe
United States,2020,3680.98,5079.8,30.49,37.61,15.64,8.3,5.38,17.43,North America
Australia,2009,6023.33,6148.4,43.24,18.9,29.32,10.26,14.61,6.2,Oceania
Australia,2006,7507.75,5112.97,39.84,8.05,22.72,10.59,7.61,12.15,Oceania
South Africa,2013,7441.76,5691.41,25.56,26.6,4.85,6.03,6.52,14.45,Africa
Brazil,2004,3881.3,2640.37,25.22,8.98,14.31,10.54,2.65,17.43,South America
Japan,2002,1349.29,5777.85,22.95,17.08,21.55,11.96,2.69,16.75,Asia
Mexico,2022,7886.31,928.76,39.81,22.76,7.42,15.84,11.0,9.16,North America
South Africa,2010,6791.74,6305.79,42.93,35.6,19.22,14.85,7.95,19.11,Africa
Canada,2010,1434.97,4014.11,27.95,22.27,20.0,15.63,4.94,6.87,North America
Russia,2017,7406.31,5794.17,20.63,29.58,4.88,5.13,9.98,18.13,Europe
Japan,2014,7024.22,3385.3,22.47,39.75,16.95,8.27,5.29,19.56,Asia
United States,2011,4391.29,4647.61,49.04,9.6,23.15,14.93,9.51,7.66,North America
Japan,2008,4934.57,3874.26,28.86,14.62,14.97,12.26,6.67,15.83,Asia
Brazil,2009,3492.52,5228.49,43.08,18.81,0.36,5.08,12.71,5.6,South America
Japan,2011,910.71,938.76,38.74,19.76,0.27,17.07,12.67,11.08,Asia
United States,2016,3013.98,798.32,31.46,19.39,10.71,16.59,8.21,12.74,North America
Brazil,2005,6521.4,2030.88,26.17,36.77,27.79,13.23,6.56,13.71,South America
China,2006,534.74,1452.99,23.64,29.99,6.86,6.0,6.71,19.04,Asia
Australia,2013,3001.24,6153.77,38.45,26.28,19.03,16.5,12.47,15.08,Oceania
Australia,2012,3486.27,1846.81,43.24,15.83,6.66,13.76,6.27,12.22,Oceania
Russia,2007,4530.47,6840.71,39.32,33.83,9.65,16.73,4.72,17.15,Europe
France,2009,7398.92,2623.51,35.91,38.43,25.44,16.28,3.1,19.26,Europe
China,2008,3097.59,1601.98,21.26,33.74,21.87,17.05,8.07,5.33,Asia
China,2017,3102.15,5612.01,49.05,5.05,2.86,12.77,8.27,19.74,Asia
Mexico,2001,6031.26,4747.47,43.96,27.27,12.86,7.1,12.93,6.29,North America
Japan,2004,3891.63,3688.09,28.78,6.79,0.88,15.07,4.88,17.22,Asia
Australia,2004,2184.54,4065.4,49.4,14.02,14.43,14.31,6.95,9.21,Oceania
United States,2005,3893.3,5146.73,38.06,7.08,19.87,16.13,12.51,6.98,North America
India,2018,1556.43,1907.8,37.47,26.13,3.56,7.55,12.71,11.6,Asia
India,2007,1822.9,6975.8,42.44,29.03,8.67,7.92,7.0,14.66,Asia
Brazil,2015,4237.76,6833.63,44.35,9.01,11.94,18.36,7.97,10.71,South America
Australia,2012,3641.94,4692.15,39.69,18.43,27.59,16.25,5.94,5.82,Oceania
Australia,2000,7361.34,1716.98,23.84,20.97,29.8,18.62,14.12,13.99,Oceania
Russia,2021,3217.95,4889.51,30.15,17.92,1.35,16.38,3.54,18.54,Europe
India,2019,4854.41,876.51,47.84,9.24,22.83,13.96,14.14,10.75,Asia
Australia,2016,5241.98,602.31,26.74,19.66,11.15,14.81,10.89,8.24,Oceania
Russia,2006,598.21,2100.71,31.17,31.29,11.77,18.34,8.91,11.64,Europe
Japan,2012,5476.53,3453.31,32.96,7.49,22.63,13.68,2.42,5.73,Asia
Canada,2003,1835.27,6130.6,33.18,7.81,27.55,14.49,8.18,17.31,North America
Mexico,2003,7708.03,5199.32,38.39,17.42,28.53,7.35,7.3,17.4,North America
Germany,2005,1614.97,5301.86,48.29,37.96,17.31,12.11,4.1,13.82,Europe
China,2018,3609.68,3208.26,27.22,28.4,10.71,15.75,10.53,10.3,Asia
France,2011,1140.12,2683.17,23.65,28.75,23.63,9.06,14.62,17.0,Europe
Brazil,2021,7976.56,2848.86,25.92,17.67,7.53,8.03,9.31,13.32,South America
Canada,2006,4266.46,6918.49,46.61,25.78,16.92,9.71,11.29,17.39,North America
Mexico,2009,4965.39,664.72,39.37,5.35,10.76,8.62,2.89,14.47,North America
Mexico,2018,1003.07,6122.41,28.58,27.26,19.7,8.22,7.43,16.77,North America
Mexico,2006,6124.7,4219.26,44.48,36.97,7.21,11.37,3.51,13.98,North America
Mexico,2002,2074.29,3294.86,45.84,26.44,5.75,18.62,9.97,11.21,North America
India,2012,7235.41,5186.7,45.4,35.58,27.55,12.61,14.2,19.37,Asia
Russia,2012,2038.55,3612.02,47.57,30.34,3.05,7.82,10.6,13.12,Europe
China,2017,1930.16,6164.59,27.57,9.22,15.18,6.15,3.0,14.08,Asia
Australia,2019,774.12,6344.63,42.65,36.59,6.63,15.44,6.61,8.31,Oceania
Mexico,2007,4040.5,3183.36,33.82,7.33,1.17,10.74,9.16,14.38,North America
France,2008,4736.31,2227.06,45.26,23.69,1.08,17.33,7.24,13.57,Europe
Australia,2006,992.81,4309.51,41.85,9.97,5.26,14.89,12.84,7.77,Oceania
United States,2000,6316.46,6421.6,43.29,5.41,26.0,16.94,12.59,5.89,North America
United States,2002,3899.67,1790.37,39.68,19.77,8.47,9.08,9.95,14.07,North America
France,2012,4432.93,4511.58,25.32,15.33,28.51,15.39,6.85,16.46,Europe
Russia,2016,3805.72,4568.3,36.35,22.01,17.45,8.96,5.32,12.85,Europe
France,2023,3505.72,5238.55,49.54,25.2,13.1,19.09,3.38,8.4,Europe
India,2000,4697.3,1268.35,48.12,6.53,17.4,14.55,6.61,15.0,Asia
France,2005,1664.3,5124.44,21.3,9.31,15.5,9.87,7.37,6.2,Europe
Japan,2020,1864.46,6399.61,24.94,24.55,22.76,9.04,10.79,11.63,Asia
Australia,2005,6963.39,1585.91,23.95,17.01,8.47,7.86,10.56,7.45,Oceania
Canada,2011,7595.87,1967.79,41.78,30.52,10.59,15.42,2.91,7.77,North America
South Africa,2012,3299.82,6811.21,44.53,27.83,26.82,8.28,7.14,8.03,Africa
Russia,2012,2530.59,1594.45,26.41,34.6,28.39,13.93,4.36,10.8,Europe
France,2014,5330.0,6038.94,35.18,29.24,26.78,8.97,4.04,5.77,Europe
Brazil,2020,3565.51,3649.03,45.22,20.05,12.58,14.93,12.75,10.97,South America
United States,2015,690.4,2031.73,41.98,28.55,23.41,17.22,2.54,12.68,North America
Japan,2021,1671.14,6146.95,36.27,14.64,14.29,16.67,7.45,12.25,Asia
China,2020,5869.79,3339.01,37.71,15.72,14.93,16.41,4.19,10.74,Asia
Mexico,2010,5441.93,3797.79,35.25,32.61,6.14,7.82,13.43,17.59,North America
South Africa,2004,703.22,2770.94,28.93,20.62,17.73,6.33,9.24,7.18,Africa
Russia,2003,2164.79,4313.48,36.95,32.94,5.58,15.48,5.01,12.59,Europe
Canada,2002,2233.06,1479.26,40.67,33.78,9.95,10.53,8.53,5.93,North America
South Africa,2018,5539.2,2981.14,46.2,35.01,25.65,11.49,11.51,6.07,Africa
France,2019,647.83,6798.12,39.09,37.08,6.21,5.47,14.46,13.61,Europe
India,2017,1280.81,2103.68,42.83,20.08,2.13,8.89,4.87,13.49,Asia
United States,2014,6499.37,4734.46,24.8,16.16,2.07,5.51,13.52,18.17,North America
United States,2008,1839.08,2546.25,33.85,25.38,28.22,18.19,14.15,13.37,North America
China,2016,5395.6,5504.92,20.28,17.99,15.21,8.65,13.91,19.4,Asia
India,2013,2286.37,1263.77,27.4,26.04,12.28,13.36,10.26,5.73,Asia
Mexico,2014,1245.81,6800.82,41.79,29.7,24.33,5.58,10.19,6.47,North America
Australia,2000,2323.79,3395.01,49.75,29.09,25.07,15.0,7.24,5.66,Oceania
Germany,2020,5917.0,1957.93,22.98,18.11,9.97,9.85,11.78,7.78,Europe
Japan,2021,6917.72,885.08,32.04,10.84,20.81,18.47,8.91,13.12,Asia
United States,2021,6726.65,1520.4,44.0,20.07,23.13,18.32,10.81,14.68,North America
Brazil,2002,3478.88,3830.51,26.12,9.99,19.64,9.88,7.57,5.68,South America
United States,2015,5510.64,2624.22,36.65,36.15,4.55,18.51,11.51,19.19,North America
South Africa,2022,2037.38,5870.63,41.99,17.11,26.28,19.94,12.72,17.63,Africa
United States,2010,2698.61,3243.86,38.48,10.41,16.17,17.38,3.9,9.45,North America
Russia,2011,7222.52,2041.51,25.64,5.89,8.47,17.67,12.83,6.16,Europe
United States,2009,597.51,4473.16,30.66,27.6,12.76,8.74,9.02,7.55,North America
Germany,2015,1141.31,5064.73,43.51,27.29,1.13,13.65,12.98,6.9,Europe
Germany,2007,2059.15,1502.48,36.63,16.92,3.84,6.01,7.61,6.85,Europe
Mexico,2005,698.99,1506.29,20.16,7.51,22.97,6.42,6.93,12.78,North America
Canada,2011,1860.77,642.03,42.83,19.34,0.0,19.98,13.9,8.69,North America
Australia,2023,4872.81,5260.25,21.06,15.89,12.5,9.9,5.27,10.37,Oceania
Brazil,2020,3660.68,4781.11,42.37,28.7,15.68,16.22,12.97,19.84,South America
United States,2007,7195.04,3532.56,26.07,26.2,1.64,17.1,8.29,15.26,North America
United States,2003,6630.83,5971.52,48.74,17.76,29.19,17.87,8.68,19.23,North America
Japan,2007,3063.63,5717.42,31.04,12.63,6.78,19.96,6.01,7.14,Asia
Germany,2017,2445.68,4263.34,29.81,39.58,9.13,8.62,9.45,10.73,Europe
Brazil,2004,3347.69,6130.59,24.47,20.89,9.12,5.61,6.23,13.32,South America
Mexico,2008,4927.21,1758.55,29.17,29.09,6.91,11.17,2.51,6.15,North America
China,2003,2510.48,1138.67,46.3,9.92,0.04,6.95,5.54,5.06,Asia
Canada,2021,5181.12,2180.35,49.89,22.0,21.88,5.34,2.08,15.06,North America
Australia,2016,3570.59,776.77,31.05,5.96,29.01,10.41,14.72,14.63,Oceania
India,2008,4640.35,3905.72,33.46,22.69,6.73,16.76,14.55,11.16,Asia
Australia,2000,3770.95,6581.6,41.66,38.74,19.89,13.49,7.14,12.34,Oceania
Russia,2020,2708.49,659.67,46.59,18.45,22.26,9.69,11.47,11.23,Europe
South Africa,2019,7613.4,1205.93,37.79,6.36,25.45,14.82,6.5,5.36,Africa
Russia,2012,6227.04,3384.51,31.75,6.08,12.68,8.48,10.72,10.03,Europe
United States,2015,1550.85,6563.58,32.38,18.58,9.09,5.22,12.47,7.66,North America
Canada,2012,7013.51,2486.63,40.87,10.6,9.76,16.47,14.31,6.48,North America
South Africa,2013,4155.73,3747.75,20.1,5.82,21.38,14.36,7.2,19.35,Africa
Brazil,2002,7209.14,674.38,38.59,31.47,24.5,16.43,12.18,13.99,South America
India,2005,6498.91,1379.07,30.66,21.05,5.45,5.58,5.46,15.93,Asia
Germany,2017,3689.1,6911.76,43.83,15.12,11.13,17.56,14.87,9.73,Europe
Canada,2018,668.52,6769.78,22.79,36.5,27.06,14.29,2.34,10.9,North America
Canada,2004,2515.08,432.6,37.65,9.06,24.2,13.45,9.85,8.55,North America
Russia,2014,4562.26,6681.96,34.43,38.46,29.55,14.37,10.57,6.45,Europe
United States,2001,5251.09,4618.19,39.27,15.99,22.63,17.97,10.94,7.69,North America
France,2009,2434.16,6128.26,21.95,36.09,11.8,13.8,3.57,16.96,Europe
Mexico,2023,1545.17,3401.28,37.4,26.1,17.72,13.71,14.2,15.16,North America
Russia,2017,6761.98,3802.93,36.84,33.93,19.83,19.86,4.36,13.2,Europe
Canada,2012,7883.02,3626.39,36.82,39.44,2.35,16.35,10.1,12.13,North America
Japan,2004,4442.68,4801.3,38.1,15.09,16.33,11.63,4.89,18.84,Asia
India,2022,1787.59,1321.7,40.29,38.64,21.28,15.61,5.99,6.09,Asia
Mexico,2023,2542.3,597.83,44.15,18.63,5.02,10.84,9.1,9.21,North America
Russia,2000,637.93,2432.34,28.09,18.49,23.42,8.43,7.42,10.25,Europe
India,2021,7357.24,5050.89,44.75,16.91,17.51,13.95,4.08,16.74,Asia
Japan,2000,1383.13,1732.23,34.95,23.95,28.57,18.92,4.22,19.89,Asia
China,2017,4823.87,4844.65,22.31,10.4,1.27,18.94,7.44,8.61,Asia
Japan,2014,2555.41,6801.42,21.76,24.38,7.96,10.13,11.84,18.11,Asia
Japan,2016,4656.34,1019.74,30.03,23.96,18.05,12.92,13.67,17.46,Asia
India,2010,5385.65,4839.17,43.55,31.67,8.9,8.17,3.09,8.37,Asia
Australia,2020,6723.06,3328.75,41.23,34.18,21.43,19.93,7.11,10.99,Oceania
India,2021,2048.16,6129.74,43.66,20.42,22.77,19.72,3.3,11.15,Asia
France,2016,582.47,1569.19,35.52,15.58,3.08,14.74,2.22,19.67,Europe
United States,2012,1526.64,4971.33,33.21,14.08,15.42,17.07,10.6,7.71,North America
South Africa,2000,7250.14,5931.56,24.42,11.81,15.27,15.73,9.83,16.99,Africa
Australia,2001,7054.18,6634.45,29.85,7.02,11.08,13.9,4.12,10.01,Oceania
Germany,2008,4980.6,4909.44,33.02,16.99,27.99,5.8,5.04,15.96,Europe
South Africa,2002,5003.88,3681.35,22.66,14.46,24.83,11.82,2.31,11.3,Africa
United States,2000,5487.78,4477.79,26.62,38.82,20.92,15.12,12.85,13.68,North America
Russia,2020,1815.28,6134.77,37.95,24.52,21.43,15.16,14.67,17.49,Europe
Mexico,2015,7358.09,4166.02,42.07,17.15,13.85,10.6,3.76,17.06,North America
France,2022,3640.78,600.55,49.95,25.32,27.63,19.13,5.01,18.0,Europe
France,2005,3373.54,6544.26,47.99,9.87,20.84,7.51,13.29,5.89,Europe
Germany,2016,4391.88,4950.88,39.28,20.54,21.87,12.51,14.04,15.38,Europe
Australia,2004,852.24,4864.99,32.64,26.92,25.85,15.36,7.46,7.1,Oceania
China,2004,1747.13,1823.46,39.09,22.11,8.22,15.46,2.66,11.24,Asia
Japan,2005,6035.25,4748.64,43.57,19.06,24.21,14.73,2.51,13.23,Asia
Australia,2002,1120.99,2999.51,23.55,39.78,5.86,9.13,9.46,11.04,Oceania
Mexico,2020,5023.64,4698.14,32.3,35.81,10.36,7.34,7.11,12.79,North America
China,2022,2340.12,1103.51,45.19,26.82,10.07,14.54,2.37,19.95,Asia
France,2004,3419.72,4741.78,31.51,24.93,29.36,13.99,9.58,7.03,Europe
India,2020,2665.2,6996.13,37.16,26.72,25.7,7.69,2.15,15.13,Asia
Mexico,2004,3167.55,718.2,37.63,12.05,21.04,15.58,12.24,10.94,North America
United States,2009,5892.84,6849.35,25.53,18.83,21.81,11.83,5.98,7.0,North America
Germany,2009,2728.41,3085.59,30.87,6.38,16.86,15.02,2.52,7.38,Europe
United States,2018,4748.03,6146.97,30.04,21.64,28.41,17.56,9.65,19.24,North America
Mexico,2016,4070.38,5563.74,20.79,24.01,14.89,7.55,7.17,18.19,North America
Brazil,2020,5477.53,4142.31,20.73,12.97,11.42,5.29,14.66,18.61,South America
Brazil,2013,7526.22,5273.76,44.95,38.74,4.89,16.69,9.07,19.87,South America
Russia,2008,5994.29,6198.2,28.19,36.83,23.59,14.15,5.58,8.12,Europe
Australia,2013,2112.05,3067.33,35.54,30.28,22.03,15.49,11.22,10.33,Oceania
France,2000,733.87,2558.42,28.96,23.67,11.53,17.57,5.53,15.04,Europe
France,2018,2466.98,4806.12,48.22,35.45,0.76,17.04,13.76,12.26,Europe
Japan,2012,4963.08,5731.78,27.78,9.57,25.17,19.41,6.87,11.28,Asia
Japan,2012,885.69,5431.08,32.89,32.67,0.34,13.04,9.15,10.37,Asia
Japan,2003,4222.75,5665.57,46.18,9.37,21.11,12.33,2.66,13.91,Asia
India,2000,4976.32,3274.85,45.26,32.8,29.11,11.03,7.54,13.63,Asia
South Africa,2016,3006.83,5797.71,25.58,14.65,13.13,7.31,12.82,7.42,Africa
Canada,2007,6281.84,1193.38,44.08,35.7,7.05,13.59,12.47,12.08,North America
South Africa,2001,1299.49,3993.63,33.75,38.04,21.15,9.16,4.92,13.3,Africa
United States,2007,1063.53,438.01,34.49,10.21,24.51,18.82,4.94,13.55,North America
South Africa,2006,5961.42,2542.27,24.0,21.19,16.39,13.75,12.62,8.15,Africa
India,2001,4216.18,2818.65,22.42,39.33,29.01,13.89,14.1,16.13,Asia
Russia,2021,5663.02,3014.74,41.84,21.92,1.55,10.32,3.24,5.38,Europe
United States,2021,3761.21,4990.08,34.89,35.22,15.14,5.78,7.85,10.32,North America
South Africa,2002,2348.02,2964.48,33.11,25.61,21.55,5.48,6.39,16.7,Africa
India,2017,6643.27,3361.38,41.89,18.14,25.88,11.35,13.32,13.46,Asia
Canada,2011,6495.62,1967.79,42.97,15.0,5.38,6.27,3.09,8.92,North America
South Africa,2000,5710.22,2863.46,24.77,12.11,24.0,14.1,4.74,15.42,Africa
India,2021,2541.09,1899.98,38.31,31.66,16.58,18.21,11.78,13.51,Asia
Japan,2011,4926.73,883.09,24.06,18.53,11.9,18.24,2.67,16.94,Asia
France,2004,3207.3,4382.76,42.54,22.89,3.95,14.89,8.4,16.03,Europe
Japan,2016,1186.87,4810.2,39.71,22.23,25.96,8.17,7.75,14.15,Asia
France,2015,7379.85,4488.64,48.7,25.2,4.72,17.94,6.35,12.32,Europe
Germany,2014,1526.14,3459.06,22.07,35.3,9.29,18.29,7.13,7.0,Europe
Germany,2022,7626.78,2906.59,21.71,39.33,8.7,7.95,8.89,8.92,Europe
Germany,2014,3845.04,6098.0,28.47,19.27,26.14,16.06,4.1,11.29,Europe
Canada,2004,1888.5,3825.94,27.85,33.96,20.18,9.3,9.44,13.99,North America
Japan,2020,4564.26,3562.6,27.41,31.76,23.9,17.04,12.47,12.71,Asia
France,2013,7047.09,569.24,47.19,25.07,7.51,19.96,11.88,9.32,Europe
India,2001,5991.69,2652.24,27.49,38.46,18.75,5.45,4.0,5.1,Asia
United States,2010,6549.21,2909.29,28.16,12.02,17.15,18.46,3.94,12.44,North America
India,2018,5440.88,3032.23,42.78,8.82,24.98,14.34,5.49,9.28,Asia
United States,2006,5692.07,4229.14,33.49,34.89,27.18,19.6,6.69,16.02,North America
Brazil,2005,6868.97,3921.78,43.3,20.37,0.36,11.98,7.31,5.36,South America
India,2001,2372.51,4412.17,21.96,34.64,20.22,17.71,10.84,13.77,Asia
South Africa,2005,4170.69,5448.23,34.63,36.26,1.56,5.94,2.74,19.12,Africa
South Africa,2017,2159.07,5765.71,21.01,7.19,16.47,10.03,2.45,7.62,Africa
Australia,2001,7907.51,5139.61,21.88,35.92,8.63,6.01,7.09,12.07,Oceania
Japan,2017,7580.45,6706.46,47.19,20.69,9.2,19.63,11.06,6.37,Asia
United States,2014,795.7,520.34,24.18,22.87,10.59,17.25,4.51,14.39,North America
United States,2018,5791.81,1692.13,35.97,26.93,18.64,17.79,10.34,13.26,North America
Mexico,2001,7439.36,449.91,32.33,37.42,10.02,19.07,5.38,11.11,North America
Russia,2019,1854.32,4673.33,30.42,5.67,21.98,6.28,13.52,12.82,Europe
Japan,2005,4759.59,6327.0,47.0,21.69,12.14,10.78,13.64,18.45,Asia
Canada,2000,7366.16,2006.98,20.65,29.07,2.05,6.07,5.86,7.94,North America
Australia,2023,754.59,6518.43,39.91,30.29,23.51,8.16,4.99,5.34,Oceania
Canada,2014,5730.65,797.76,48.9,29.24,8.57,8.44,7.35,17.92,North America
Canada,2022,2730.12,6567.28,36.81,9.71,12.98,12.04,5.13,13.66,North America
Canada,2009,7432.97,2720.71,48.1,15.48,20.56,9.03,10.74,18.36,North America
Japan,2018,7782.94,1069.38,21.57,17.56,9.97,6.51,12.74,13.95,Asia
Canada,2016,7582.0,3606.75,32.56,33.16,1.7,7.51,10.75,17.15,North America
South Africa,2004,4056.61,2094.73,27.8,14.76,11.22,7.21,12.72,11.45,Africa
Russia,2003,6965.32,2280.16,41.92,12.37,28.33,19.6,7.16,16.25,Europe
Russia,2009,6834.12,2428.11,49.44,38.51,19.25,16.39,4.03,18.7,Europe
Germany,2023,2893.25,5699.97,27.7,5.31,20.14,19.52,11.59,13.58,Europe
Brazil,2016,6716.87,3958.46,39.63,39.92,18.97,11.6,6.69,7.71,South America
United States,2009,777.56,2454.63,25.94,28.69,5.97,9.18,10.73,9.03,North America
Mexico,2016,4972.02,4428.2,36.96,34.0,12.55,16.97,5.52,7.98,North America
United States,2019,2225.07,5126.59,33.92,15.31,22.53,9.89,3.06,8.7,North America
Brazil,2023,1404.25,2199.32,49.16,5.5,3.04,9.49,14.9,9.6,South America
Mexico,2004,1077.15,3129.42,38.26,30.83,8.34,8.49,4.03,13.33,North America
Japan,2001,5722.17,1204.45,30.49,34.2,8.29,6.95,14.85,13.82,Asia
India,2005,3049.06,1595.59,23.42,30.92,12.96,8.85,14.7,11.4,Asia
Japan,2020,5935.75,4895.38,24.54,10.0,29.41,10.33,12.32,14.23,Asia
United States,2001,990.17,1597.49,26.76,31.37,2.03,15.11,10.57,6.22,North America
United States,2012,2864.68,3866.08,27.53,31.91,15.56,5.94,9.51,6.32,North America
Mexico,2010,4546.18,5079.71,45.52,28.05,5.38,8.16,13.26,7.58,North America
Mexico,2010,6430.42,1105.39,36.84,31.81,29.12,17.14,5.76,12.77,North America
Brazil,2015,2890.64,4144.26,35.7,34.61,3.4,7.2,8.08,8.21,South America
Canada,2010,5194.19,2093.31,23.44,26.48,12.11,10.14,10.05,9.25,North America
Japan,2018,7144.83,6755.32,45.8,8.1,22.14,17.97,7.35,11.0,Asia
Mexico,2014,5118.97,3591.4,41.68,22.07,21.14,7.32,7.56,17.18,North America
France,2022,2247.2,5719.55,22.03,7.72,12.68,6.24,6.29,5.21,Europe
Brazil,2022,683.01,4031.5,41.24,19.26,10.4,12.27,9.34,14.74,South America
South Africa,2015,7025.74,686.52,36.31,19.25,11.93,9.54,13.06,15.03,Africa
United States,2010,659.52,4578.8,22.45,7.31,7.93,13.45,4.62,16.98,North America
Brazil,2021,7060.26,6679.26,33.75,17.21,6.16,17.06,14.15,18.99,South America
Japan,2015,4467.03,4370.64,34.54,8.88,14.49,7.06,10.96,5.3,Asia
Mexico,2007,7543.01,5806.65,24.97,33.29,8.06,13.71,12.7,7.31,North America
United States,2003,6490.87,6235.76,48.37,38.17,8.62,12.58,9.23,18.29,North America
India,2007,7984.51,1905.33,45.5,7.53,19.7,7.16,12.13,11.88,Asia
Brazil,2003,3130.34,1799.5,40.07,38.43,29.06,14.36,2.21,13.47,South America
Australia,2023,6253.91,4432.47,33.87,23.29,18.11,9.1,12.64,14.95,Oceania
United States,2002,3514.48,3112.79,32.35,15.48,2.31,12.32,2.52,15.19,North America
Japan,2002,4099.07,5943.08,39.53,7.69,2.27,6.23,13.57,18.98,Asia
Germany,2017,5206.29,6340.15,36.36,22.52,28.54,11.89,14.9,19.95,Europe
France,2018,7052.58,2732.58,21.87,32.81,8.92,9.6,5.82,15.8,Europe
China,2018,7880.63,1963.35,35.38,29.75,2.76,17.34,4.73,9.31,Asia
Canada,2020,6262.05,5551.47,44.19,6.76,17.97,5.85,11.95,18.2,North America
China,2004,3633.25,2213.72,33.78,7.55,18.71,11.28,5.29,5.74,Asia
Japan,2017,3660.18,5829.25,21.56,19.1,19.46,11.88,13.25,8.47,Asia
South Africa,2009,6031.87,3196.67,43.59,15.34,8.02,15.88,3.34,18.46,Africa
South Africa,2021,2290.83,4805.83,26.04,13.13,0.45,13.61,3.64,8.84,Africa
Germany,2020,1328.56,1030.53,27.76,14.84,28.95,15.01,14.73,8.31,Europe
Canada,2005,3159.67,4517.47,24.94,33.12,7.53,16.66,10.76,7.07,North America
Australia,2000,2654.29,3381.67,29.91,37.52,20.28,17.93,13.01,17.89,Oceania
Germany,2004,2722.31,4271.62,42.7,19.18,21.2,9.71,6.22,12.5,Europe
Russia,2008,2252.06,1508.89,35.58,36.71,18.3,13.07,10.79,15.12,Europe
China,2011,815.7,5263.37,26.15,16.25,9.39,17.6,9.73,8.59,Asia
Germany,2013,634.05,6094.46,46.33,21.68,8.13,19.84,9.84,16.37,Europe
China,2001,7907.92,1830.48,46.39,12.91,17.93,18.34,10.87,16.4,Asia
United States,2016,3708.3,1031.72,46.12,27.42,25.98,10.57,9.48,9.69,North America
South Africa,2013,3382.45,556.01,27.16,39.26,28.4,7.93,7.58,11.16,Africa
United States,2012,5597.35,4637.01,33.54,26.12,3.18,12.34,5.59,8.15,North America
France,2008,2136.9,4406.82,49.55,17.52,4.64,16.12,11.99,19.65,Europe
Russia,2014,7624.71,4008.2,43.16,27.67,28.34,12.39,4.94,14.68,Europe
Canada,2021,6397.59,1930.85,20.82,9.3,22.1,12.25,11.0,19.02,North America
Australia,2014,1170.58,2979.98,21.96,36.1,26.49,17.57,5.03,9.55,Oceania
China,2023,3631.86,4323.54,33.92,22.61,6.08,10.42,10.13,16.73,Asia
Australia,2010,7093.39,3678.66,47.28,20.73,17.63,17.9,11.71,16.49,Oceania
China,2015,7585.49,6919.38,36.16,25.51,21.03,11.1,4.84,15.37,Asia
Japan,2016,4005.51,1300.5,34.93,26.87,20.4,9.92,2.78,19.48,Asia
Germany,2003,5100.59,4987.95,23.16,7.51,12.24,11.81,3.7,10.9,Europe
France,2000,1752.75,3068.5,39.7,28.89,0.46,16.44,9.88,6.96,Europe
South Africa,2007,7933.76,3226.12,44.66,13.47,17.49,6.89,13.04,15.08,Africa
Mexico,2016,2237.54,5136.15,31.41,29.99,7.59,7.95,2.58,15.94,North America
China,2002,7570.49,4970.08,43.27,33.79,13.51,19.27,11.54,13.63,Asia
Australia,2019,5372.35,6942.29,48.93,33.14,28.73,7.63,6.44,8.1,Oceania
France,2014,5058.03,1247.4,26.11,24.34,11.97,13.52,8.22,12.57,Europe
India,2014,4345.16,1087.12,35.7,23.21,25.19,13.69,14.08,9.68,Asia
India,2023,2230.02,5180.64,28.61,10.0,5.66,12.34,6.32,11.41,Asia
United States,2021,1823.96,4217.35,43.79,32.14,20.17,14.67,8.05,14.68,North America
South Africa,2013,2153.65,2209.46,37.33,14.5,29.31,8.45,2.18,16.18,Africa
Mexico,2022,1898.29,924.17,39.04,22.38,3.06,13.29,3.06,8.48,North America
Japan,2013,6346.88,965.34,43.94,14.95,0.25,10.58,5.36,11.08,Asia
Australia,2023,3125.94,6301.66,31.88,9.68,13.01,14.93,2.36,9.04,Oceania
Mexico,2001,933.82,1666.32,47.45,27.03,2.78,7.12,10.21,7.98,North America
Germany,2012,7768.27,2534.25,35.99,6.9,22.45,13.56,7.54,16.75,Europe
Germany,2013,7128.39,1895.93,24.74,31.2,27.44,7.78,9.13,18.64,Europe
Australia,2023,7458.14,2742.98,40.88,16.12,13.02,9.18,4.27,10.55,Oceania
Canada,2018,7961.81,858.2,43.8,5.0,7.76,8.28,5.85,16.27,North America
Japan,2006,1804.21,3825.79,29.5,22.89,13.03,7.74,10.63,18.45,Asia
France,2002,3471.82,846.24,45.72,6.64,21.7,17.39,14.55,17.69,Europe
China,2014,6186.79,5682.35,47.18,14.67,0.27,9.29,2.66,7.74,Asia
Canada,2022,5720.15,1942.5,28.31,29.74,17.68,18.91,13.57,19.34,North America
China,2013,1654.22,3964.08,49.51,7.19,18.4,19.55,9.5,10.65,Asia
China,2010,6618.75,6208.52,24.22,34.38,19.13,13.57,9.33,10.09,Asia
Canada,2014,2183.3,4695.79,26.06,5.13,7.26,7.15,8.5,5.94,North America
United States,2012,2178.63,3917.52,25.53,13.64,21.42,10.62,2.9,12.29,North America
India,2017,4527.31,2540.6,46.82,30.93,2.74,16.97,3.17,6.64,Asia
China,2005,4947.05,2597.81,39.63,16.07,5.98,10.51,9.81,8.73,Asia
Canada,2002,4850.65,4818.61,24.56,8.57,26.32,6.31,6.43,9.75,North America
Canada,2018,1186.15,6961.32,33.21,17.61,22.16,13.35,13.92,17.13,North America
Russia,2014,7080.96,4768.14,38.46,14.46,0.41,17.68,7.29,18.13,Europe
Mexico,2022,2492.0,4081.37,22.5,34.49,7.45,16.94,3.86,9.54,North America
Brazil,2004,1471.36,5222.29,46.47,15.97,6.43,7.63,11.29,17.88,South America
United States,2009,7165.61,3470.36,44.11,32.61,8.12,15.09,5.81,17.86,North America
South Africa,2006,7667.39,796.94,35.16,36.22,7.43,8.31,8.83,16.47,Africa
Brazil,2016,6965.96,4111.16,49.01,20.18,1.88,8.27,11.07,7.2,South America
Mexico,2006,6571.37,6720.33,32.53,36.85,13.77,18.11,13.7,15.35,North America
Mexico,2021,5414.31,1557.0,49.52,18.21,21.98,8.75,12.3,19.18,North America
Mexico,2011,4631.43,4954.03,40.04,38.74,18.2,8.95,10.79,15.24,North America
Brazil,2016,1152.4,1726.16,39.04,8.13,20.19,5.01,10.84,9.97,South America
Australia,2012,3563.4,3936.46,24.98,29.05,2.43,18.06,14.3,12.51,Oceania
India,2019,3295.16,1038.06,46.46,22.28,28.54,16.89,5.85,14.69,Asia
Canada,2003,2448.15,3372.45,32.82,18.57,25.15,14.41,2.01,12.66,North America
India,2009,5925.65,5390.68,24.87,27.14,24.15,16.25,5.54,6.8,Asia
Japan,2002,4219.07,2693.97,20.38,29.63,24.69,7.28,4.83,9.68,Asia
Australia,2008,1107.85,4788.42,36.79,5.15,27.98,11.87,10.6,17.04,Oceania
South Africa,2012,2151.37,5649.97,35.82,10.84,16.33,10.27,10.24,17.92,Africa
India,2017,5624.44,6519.37,41.58,29.96,6.01,6.41,9.71,7.06,Asia
Germany,2014,1070.98,1948.64,46.71,28.32,18.5,12.29,2.21,19.29,Europe
Mexico,2003,6884.05,3035.49,22.38,38.81,22.29,18.81,11.47,9.93,North America
China,2014,4213.6,1405.95,41.94,31.64,22.14,5.6,6.21,14.93,Asia
Japan,2021,4104.4,6950.39,25.62,38.28,15.64,9.37,10.65,16.28,Asia
United States,2001,4943.06,6518.21,45.75,29.59,2.05,8.11,9.24,17.18,North America
South Africa,2014,6685.11,3963.72,44.57,15.43,11.13,8.57,6.46,19.19,Africa
Japan,2007,3108.57,5957.42,36.22,8.69,27.62,18.63,3.75,9.69,Asia
Mexico,2007,5585.12,3838.32,41.31,32.36,17.53,12.02,3.23,17.88,North America
China,2016,4742.99,4515.67,29.43,27.55,16.15,11.99,12.81,6.98,Asia
Australia,2011,2502.71,988.22,34.14,6.69,8.07,16.41,13.94,15.58,Oceania
China,2018,7089.72,5384.78,44.65,17.6,11.05,7.32,10.45,16.13,Asia
Brazil,2009,6480.7,1242.91,33.78,38.49,26.86,12.31,3.34,15.17,South America
China,2008,5438.39,5852.05,30.73,22.51,19.99,11.45,7.23,8.78,Asia
Brazil,2004,6879.36,5561.39,34.83,20.15,23.62,13.95,11.48,18.1,South America
Australia,2005,7004.71,5077.72,44.85,21.02,13.63,19.99,12.14,7.53,Oceania
France,2019,5812.72,638.66,30.06,12.31,18.91,16.54,3.54,5.8,Europe
Mexico,2001,6777.6,2400.65,25.21,17.9,7.45,10.97,2.0,15.76,North America
Brazil,2023,5731.04,2136.54,41.36,17.94,21.16,17.41,11.26,12.13,South America
United States,2012,5601.06,2776.9,44.78,6.83,12.83,7.56,6.64,17.74,North America
China,2005,5139.59,978.44,23.02,31.86,13.28,5.46,5.31,10.75,Asia
China,2004,6145.37,6583.92,27.2,19.58,19.48,8.07,2.17,7.52,Asia
United States,2000,1689.54,4055.09,24.26,33.78,28.09,10.11,9.02,17.55,North America
Germany,2020,7106.53,2416.46,30.44,34.76,1.92,12.66,13.06,13.23,Europe
Canada,2021,7038.83,3020.08,33.51,12.42,24.74,14.23,14.45,7.84,North America
France,2020,719.35,3351.54,42.46,28.01,8.77,18.66,9.35,15.81,Europe
South Africa,2005,6693.63,4363.92,39.53,21.53,13.32,12.65,8.69,12.67,Africa
Brazil,2005,1466.52,3803.48,38.63,35.81,0.66,12.52,3.11,14.06,South America
United States,2022,3013.39,6467.99,30.57,12.55,9.03,5.75,9.14,11.91,North America
Australia,2015,6076.31,3679.96,45.24,28.72,15.08,5.52,6.94,17.43,Oceania
Brazil,2003,1705.7,6948.24,34.14,26.27,1.69,13.27,9.89,17.44,South America
Canada,2010,6634.75,6019.4,49.37,15.34,14.73,11.57,7.05,15.64,North America
Australia,2023,6741.01,1776.17,39.02,9.78,27.81,17.59,5.12,6.58,Oceania
Japan,2022,4306.01,6541.93,23.79,27.81,3.16,7.41,3.23,17.58,Asia
Mexico,2008,547.89,1168.02,40.29,30.85,22.93,5.37,6.09,15.07,North America
China,2022,2652.79,5795.17,29.75,16.05,12.29,11.74,3.26,15.46,Asia
Japan,2002,5126.95,2912.11,40.59,27.57,19.66,8.56,4.3,10.44,Asia
Brazil,2018,7858.9,6194.63,22.09,18.83,7.81,5.74,14.84,18.19,South America
Canada,2007,5238.6,6129.17,25.25,29.96,4.78,15.87,7.77,15.88,North America
France,2004,2448.53,5719.11,45.67,11.97,4.81,6.67,8.91,6.69,Europe
Mexico,2003,5255.04,5614.2,26.82,36.16,2.11,14.12,13.36,11.12,North America
Brazil,2023,4549.89,2410.88,45.11,15.06,5.57,9.22,14.94,18.3,South America
United States,2005,6348.84,934.07,28.38,17.87,19.93,7.6,9.58,5.71,North America
